 ,X,Y,r,u,v,h,k,l,v_rounded,u_rounded,n,lambda_exp,lambda_the,lambda_error
1,0.0,0.0,0.0,,,0.0,0.0,0.0,,,0.0,,,
2,-0.00017655799999999726,0.029364599999999998,0.02936513078273897,0.010428107321985715,-1.7343717093940034,0.0,-3.0,1.0,-1.5,0.0,10.0,1.775391404846264e-10,1.124e-10,57.95297196141138
3,0.019996278,0.020628333,0.028729414477364015,-1.2206011475662384,-1.2591826805057675,-1.0,-3.0,1.0,-1.5,-1.0,11.0,1.6787437624590472e-10,1.021818181818182e-10,64.28986999154375
4,0.011101167000000002,0.02301095,0.025548771568597754,-0.8110276822656809,-1.681131132000038,-1.0,-3.0,1.0,-1.5,-1.0,11.0,1.6004375294345893e-10,1.021818181818182e-10,56.62644861014663
5,0.025238039000000004,0.013162794000000002,0.02846432431047604,-1.562296098093071,-0.8148090153202031,-3.0,-1.0,2.0,-1.0,-1.5,14.0,1.4827314215118045e-10,1.6057142857142859e-10,7.659075172752396
6,-0.011692547,0.023408055999999997,0.02616586977431373,0.8232211644949444,-1.6480589831182948,1.0,-3.0,1.0,-1.5,1.0,11.0,1.6167774625455897e-10,1.021818181818182e-10,58.22555238435485
7,-0.020825919000000002,0.020787172,0.029424911587839053,1.226300383719958,-1.2240188296157668,1.0,-1.0,1.0,-1.0,1.0,3.0,3.2438835658138866e-10,3.746666666666667e-10,13.419477780768164
8,-0.02622652,0.013083372000000003,0.02930878663815314,1.553499287593204,-0.7749792607374856,3.0,-1.0,2.0,-1.0,1.5,14.0,1.4993953436047523e-10,1.6057142857142859e-10,6.621286430309027
9,-0.023367378,-0.000179869999999999,0.023368070262898992,1.9640543952256284,0.0151182757461805,2.0,0.0,1.0,0.0,2.0,5.0,2.280679479462185e-10,2.248e-10,1.4537134992075222
